id,revenue
3001,33448234.0
3002,-1638339.5
3003,2661943.5
3004,35784190.0
3005,1571569.5
3006,5490921.5
3007,12056612.0
3008,34620908.0
3009,16976154.0
3010,343277950.0
3011,3511178.2
3012,11355848.0
3013,63845344.0
3014,3982937.2
3015,37581350.0
3016,1629037.5
3017,222733660.0
3018,142669820.0
3019,11089500.0
3020,801423040.0
3021,78121860.0
3022,22902004.0
3023,1944984.6
3024,44560430.0
3025,3277476.5
3026,107673940.0
3027,9214748.0
3028,144993390.0
3029,8834293.0
3030,48493810.0
3031,3226302.5
3032,25648184.0
3033,4035212.8
3034,-1656922.9
3035,13732603.0
3036,20755184.0
3037,122569270.0
3038,38897604.0
3039,12304652.0
3040,4903539.0
3041,24640274.0
3042,-1810825.0
3043,34058260.0
3044,13712375.0
3045,367085860.0
3046,6691356.5
3047,15678851.0
3048,34135236.0
3049,30223240.0
3050,17630750.0
3051,-669796.7
3052,36038050.0
3053,-932073.6
3054,17407174.0
3055,64223584.0
3056,6663748.5
3057,80704776.0
3058,255439780.0
3059,-4222649.0
3060,85397970.0
3061,43285160.0
3062,71586460.0
3063,32851426.0
3064,189092750.0
3065,45450144.0
3066,104159730.0
3067,-6452336.0
3068,58549244.0
3069,168008140.0
3070,2074224.1
3071,15673441.0
3072,626697100.0
3073,6605000.0
3074,-3861888.0
3075,28635910.0
3076,158062380.0
3077,23336090.0
3078,100113130.0
3079,45766380.0
3080,139851360.0
3081,162438910.0
3082,13223065.0
3083,14325708.0
3084,871876.25
3085,32954008.0
3086,115707220.0
3087,1629037.5
3088,-2623146.5
3089,-5452567.5
3090,53669556.0
3091,55517944.0
3092,9483590.0
3093,139925870.0
3094,91542590.0
3095,49738656.0
3096,4268082.0
3097,923894800.0
3098,18045866.0
3099,61576384.0
3100,924620.9
3101,10641014.0
3102,15067631.0
3103,12186526.0
3104,-932073.6
3105,97404650.0
3106,17916036.0
3107,48909748.0
3108,22141790.0
3109,11490974.0
3110,479088900.0
3111,6200610.5
3112,1524989.5
3113,7553308.0
3114,24347572.0
3115,29994018.0
3116,31860640.0
3117,4414756.0
3118,11814970.0
3119,283312350.0
3120,178312260.0
3121,-14884597.0
3122,20222290.0
3123,13522892.0
3124,6651304.5
3125,-47860.383
3126,49420764.0
3127,20143658.0
3128,60038540.0
3129,259885760.0
3130,16161486.0
3131,22108558.0
3132,10793061.0
3133,-2645630.0
3134,9076093.0
3135,8312470.5
3136,10482912.0
3137,177716670.0
3138,-2594277.8
3139,23942154.0
3140,299043740.0
3141,20396390.0
3142,1710859.6
3143,149772740.0
3144,29735624.0
3145,27310798.0
3146,120942.02
3147,27439584.0
3148,749291.9
3149,160233340.0
3150,85815416.0
3151,18608174.0
3152,21764770.0
3153,-2874762.0
3154,28691752.0
3155,36878056.0
3156,4285463.5
3157,17214722.0
3158,84914280.0
3159,18005258.0
3160,-6913660.0
3161,16284168.0
3162,49665040.0
3163,50885636.0
3164,2108968.2
3165,1428821.4
3166,1944984.6
3167,54539790.0
3168,4057406.0
3169,70846190.0
3170,23742062.0
3171,180363550.0
3172,35606530.0
3173,1069544.4
3174,4903332.5
3175,4666194.0
3176,176985070.0
3177,156255650.0
3178,2262007.0
3179,9166346.0
3180,7705743.0
3181,-361755.22
3182,212615800.0
3183,45641092.0
3184,36579970.0
3185,85180264.0
3186,35731976.0
3187,29500678.0
3188,19040888.0
3189,99754940.0
3190,-19350320.0
3191,31511746.0
3192,9559773.0
3193,403727520.0
3194,82389240.0
3195,-1685724.4
3196,15019740.0
3197,58408084.0
3198,175797340.0
3199,422687900.0
3200,11678769.0
3201,18095992.0
3202,789381.1
3203,4388584.0
3204,3237406.5
3205,-3988993.5
3206,19335732.0
3207,60661616.0
3208,11420152.0
3209,3754904.2
3210,487402140.0
3211,444523.84
3212,51238160.0
3213,294714080.0
3214,48630180.0
3215,17365604.0
3216,21292316.0
3217,566477900.0
3218,-11029205.0
3219,6017654.0
3220,204113090.0
3221,30404466.0
3222,8048164.0
3223,25959360.0
3224,14466090.0
3225,7564269.0
3226,3033476.5
3227,83172620.0
3228,67970984.0
3229,203888720.0
3230,46925460.0
3231,29739528.0
3232,33555280.0
3233,28640938.0
3234,10476959.0
3235,50500780.0
3236,973854.4
3237,40363510.0
3238,35108572.0
3239,8616258.0
3240,243504560.0
3241,3560146.5
3242,6872419.5
3243,4969191.5
3244,11227100.0
3245,15273205.0
3246,48363668.0
3247,4904361.5
3248,84770150.0
3249,67564984.0
3250,200481570.0
3251,-3686936.0
3252,32354776.0
3253,46539320.0
3254,9668951.0
3255,-3875026.0
3256,54180510.0
3257,13453364.0
3258,23277706.0
3259,26992616.0
3260,13617399.0
3261,663704450.0
3262,137841310.0
3263,-11524712.0
3264,1791555.6
3265,-3490261.0
3266,-1685724.4
3267,58215380.0
3268,-184221.28
3269,118963280.0
3270,56751496.0
3271,9538948.0
3272,28627780.0
3273,16231024.0
3274,467223330.0
3275,56543330.0
3276,11013178.0
3277,30016544.0
3278,85626330.0
3279,91538470.0
3280,291365000.0
3281,3302829.5
3282,2654832.2
3283,276456480.0
3284,48090510.0
3285,67678630.0
3286,-1517228.6
3287,10307706.0
3288,42447748.0
3289,47708384.0
3290,114719896.0
3291,61824870.0
3292,295956960.0
3293,149782020.0
3294,25551866.0
3295,14901610.0
3296,319466.0
3297,11894946.0
3298,69477200.0
3299,3880318.8
3300,69729480.0
3301,1627866.5
3302,-1147938.5
3303,20128812.0
3304,14429227.0
3305,37236740.0
3306,-522652.3
3307,61260480.0
3308,-10589064.0
3309,3771478.8
3310,4495256.5
3311,42416040.0
3312,70523110.0
3313,92803990.0
3314,15207072.0
3315,99292504.0
3316,46110610.0
3317,12537802.0
3318,104893.52
3319,-242490.5
3320,18315818.0
3321,28384894.0
3322,190694.06
3323,129685656.0
3324,4286516.0
3325,91542590.0
3326,148531730.0
3327,76617400.0
3328,38054450.0
3329,24620782.0
3330,142216770.0
3331,12428402.0
3332,60334100.0
3333,228139280.0
3334,-1325429.0
3335,52301988.0
3336,23731824.0
3337,4388584.0
3338,19691936.0
3339,5987954.5
3340,54270280.0
3341,11981947.0
3342,69771040.0
3343,44014724.0
3344,2781888.0
3345,-14963814.0
3346,52107052.0
3347,1686752.1
3348,38112890.0
3349,104793520.0
3350,243066900.0
3351,101019050.0
3352,9210482.0
3353,112639360.0
3354,17321602.0
3355,3633567.0
3356,36230344.0
3357,-3836532.0
3358,5641422.0
3359,41402060.0
3360,22089422.0
3361,157208880.0
3362,-4449570.5
3363,24345218.0
3364,8834120.0
3365,-3686048.0
3366,54506748.0
3367,141455200.0
3368,-782219.25
3369,73640570.0
3370,51617804.0
3371,49495268.0
3372,19429018.0
3373,89089820.0
3374,16248364.0
3375,49769876.0
3376,37964628.0
3377,19427630.0
3378,23367672.0
3379,137265810.0
3380,59078132.0
3381,10045427.0
3382,6114295.5
3383,5924415.0
3384,19662206.0
3385,114193090.0
3386,22040086.0
3387,15543311.0
3388,178303040.0
3389,1055849100.0
3390,17725552.0
3391,28790902.0
3392,14912688.0
3393,24737814.0
3394,150746900.0
3395,143204910.0
3396,10263825.0
3397,1305212.2
3398,176563140.0
3399,85179090.0
3400,48290820.0
3401,805814.4
3402,710823.5
3403,162108800.0
3404,15603857.0
3405,37179292.0
3406,241195800.0
3407,133265050.0
3408,51148880.0
3409,3625057.5
3410,22574432.0
3411,60087948.0
3412,29544906.0
3413,29739530.0
3414,5256243.5
3415,-13747372.0
3416,228657950.0
3417,56751496.0
3418,64371388.0
3419,525992500.0
3420,6768943.0
3421,22242424.0
3422,8340900.5
3423,496737120.0
3424,4683450.0
3425,7710153.5
3426,34662060.0
3427,33685670.0
3428,9556409.0
3429,22467488.0
3430,624053700.0
3431,2898339.0
3432,30242690.0
3433,21417470.0
3434,1708579.5
3435,282187330.0
3436,210633740.0
3437,8715629.0
3438,16810966.0
3439,47759244.0
3440,56357960.0
3441,106704184.0
3442,-175848.4
3443,16950138.0
3444,-2331394.5
3445,57615910.0
3446,-3712014.5
3447,10194878.0
3448,93941020.0
3449,11668791.0
3450,58396548.0
3451,81708776.0
3452,40747236.0
3453,-3444330.5
3454,38750010.0
3455,9005127.0
3456,148167020.0
3457,20434754.0
3458,16504676.0
3459,730248260.0
3460,86641620.0
3461,447115.8
3462,13303473.0
3463,69339870.0
3464,8532967.0
3465,29900522.0
3466,32392114.0
3467,4979634.5
3468,200672510.0
3469,23698306.0
3470,-3712014.5
3471,64227370.0
3472,4811038.0
3473,82399450.0
3474,63469024.0
3475,211508600.0
3476,4918865.0
3477,26310620.0
3478,8985656.0
3479,258667230.0
3480,20398996.0
3481,2743359.0
3482,12997798.0
3483,2783817.8
3484,7226936.0
3485,66899124.0
3486,95341440.0
3487,199096050.0
3488,316335400.0
3489,6907626.5
3490,56491256.0
3491,31498436.0
3492,8919000.0
3493,51520064.0
3494,20334506.0
3495,75089830.0
3496,3905646.0
3497,94322020.0
3498,68115630.0
3499,41279588.0
3500,477810.53
3501,58557880.0
3502,45018756.0
3503,25961940.0
3504,63604396.0
3505,10732998.0
3506,103997320.0
3507,305458000.0
3508,23427868.0
3509,56396276.0
3510,31790832.0
3511,18958236.0
3512,143321090.0
3513,16739220.0
3514,10426746.0
3515,39937264.0
3516,-644480.2
3517,621041100.0
3518,22823072.0
3519,18689088.0
3520,5705410.5
3521,1679416.6
3522,12457260.0
3523,65872344.0
3524,94362540.0
3525,115320440.0
3526,69076056.0
3527,22726406.0
3528,43709436.0
3529,424182340.0
3530,61342736.0
3531,8246500.0
3532,56339252.0
3533,55654532.0
3534,14638337.0
3535,213345700.0
3536,48401896.0
3537,114931840.0
3538,112010990.0
3539,64805644.0
3540,35103212.0
3541,15652086.0
3542,45085964.0
3543,-184221.28
3544,82461580.0
3545,10258171.0
3546,8488216.0
3547,179368270.0
3548,430312640.0
3549,4873348.5
3550,299114460.0
3551,98760430.0
3552,67037516.0
3553,196520720.0
3554,138619090.0
3555,236671800.0
3556,65509560.0
3557,13782287.0
3558,178318640.0
3559,84292120.0
3560,1581761.2
3561,77390340.0
3562,17346794.0
3563,58358484.0
3564,8257735.0
3565,4765861.5
3566,189697070.0
3567,15675713.0
3568,-3545907.8
3569,98548860.0
3570,-1931042.5
3571,44828270.0
3572,147873800.0
3573,2751088.5
3574,66984950.0
3575,18855100.0
3576,49017092.0
3577,22245420.0
3578,51293160.0
3579,24753880.0
3580,-1317468.4
3581,37593580.0
3582,222434190.0
3583,-47860.383
3584,32655416.0
3585,75653690.0
3586,16031823.0
3587,14503616.0
3588,14779803.0
3589,74736310.0
3590,54848736.0
3591,471293900.0
3592,7559650.5
3593,3720793.5
3594,6899706.0
3595,25016336.0
3596,115942990.0
3597,6415241.0
3598,76553090.0
3599,11706050.0
3600,2105511.5
3601,6544393.0
3602,1083776.5
3603,42839656.0
3604,5262872.0
3605,35460420.0
3606,1384557.5
3607,39295764.0
3608,139432030.0
3609,36617090.0
3610,39624332.0
3611,4330666.0
3612,21337970.0
3613,20201650.0
3614,149317660.0
3615,71936904.0
3616,-18785424.0
3617,11808247.0
3618,79049610.0
3619,-572552.5
3620,73981220.0
3621,284841900.0
3622,332829540.0
3623,124901730.0
3624,7455446.5
3625,1431813.6
3626,26453686.0
3627,-23714178.0
3628,262619820.0
3629,11915301.0
3630,7280802.5
3631,139783330.0
3632,4743131.5
3633,50526572.0
3634,1944984.6
3635,1472266.6
3636,24945358.0
3637,-2023073.8
3638,24052966.0
3639,67554050.0
3640,525462460.0
3641,47371924.0
3642,12690679.0
3643,3036206.0
3644,23760846.0
3645,23447552.0
3646,21723274.0
3647,38751736.0
3648,3208907.5
3649,7700907.5
3650,45592796.0
3651,374624160.0
3652,31105828.0
3653,380060350.0
3654,9134535.0
3655,21086952.0
3656,5857530.0
3657,-3860091.5
3658,969114.6
3659,268217540.0
3660,391588350.0
3661,24860394.0
3662,41093444.0
3663,486589730.0
3664,-184221.28
3665,4114209.5
3666,11288620.0
3667,148575230.0
3668,91436584.0
3669,8951110.0
3670,39538080.0
3671,22163044.0
3672,18594570.0
3673,113532216.0
3674,24651288.0
3675,348349300.0
3676,167441940.0
3677,32975824.0
3678,20813316.0
3679,138465120.0
3680,15173237.0
3681,14369751.0
3682,127078424.0
3683,1962531.8
3684,68413780.0
3685,118436250.0
3686,14098258.0
3687,123580990.0
3688,1019881.56
3689,13001400.0
3690,94022980.0
3691,11648244.0
3692,1944984.6
3693,64217132.0
3694,137489550.0
3695,93773660.0
3696,33035206.0
3697,50661330.0
3698,38616230.0
3699,4548084.0
3700,48389400.0
3701,103707180.0
3702,-2188630.2
3703,130356650.0
3704,38985960.0
3705,13349968.0
3706,191415660.0
3707,3408583.5
3708,53387464.0
3709,389026050.0
3710,25117390.0
3711,-669796.7
3712,39612052.0
3713,42325348.0
3714,2502588.2
3715,15456179.0
3716,28112994.0
3717,-1685724.4
3718,946238.4
3719,36827932.0
3720,3373767.5
3721,-669796.7
3722,59488310.0
3723,17141650.0
3724,22280614.0
3725,23003728.0
3726,7705743.0
3727,36242670.0
3728,178268880.0
3729,8911822.0
3730,225055380.0
3731,101890240.0
3732,1551567.6
3733,207865730.0
3734,428138200.0
3735,16020827.0
3736,26933576.0
3737,-2898725.0
3738,3386006.2
3739,20633242.0
3740,9796464.0
3741,21651802.0
3742,97969920.0
3743,50745428.0
3744,117145280.0
3745,90520560.0
3746,103848370.0
3747,1686752.1
3748,18574800.0
3749,2146926.0
3750,1213330.5
3751,18702770.0
3752,8755557.0
3753,10730127.0
3754,24138794.0
3755,43083028.0
3756,189726220.0
3757,383721120.0
3758,109635144.0
3759,935207.25
3760,154104080.0
3761,20140598.0
3762,436248060.0
3763,29564226.0
3764,23321968.0
3765,3344125.5
3766,17872822.0
3767,43109360.0
3768,10096799.0
3769,-1493911.2
3770,1529626.2
3771,50596836.0
3772,25404008.0
3773,77291030.0
3774,15703578.0
3775,165942260.0
3776,65853264.0
3777,17772256.0
3778,-669796.7
3779,320828.22
3780,10686924.0
3781,37328080.0
3782,23547208.0
3783,76556824.0
3784,-3977798.2
3785,446984800.0
3786,47636450.0
3787,203919950.0
3788,621272400.0
3789,10560162.0
3790,3758888.5
3791,7390019.0
3792,-1028143.7
3793,-4637690.5
3794,-2745282.5
3795,502685700.0
3796,161416340.0
3797,32727108.0
3798,64966856.0
3799,9664541.0
3800,377440.97
3801,66178940.0
3802,1262711.8
3803,11770378.0
3804,1887067.1
3805,-2345724.8
3806,116358584.0
3807,-142501.06
3808,3483487.8
3809,25095056.0
3810,29659326.0
3811,-10663208.0
3812,5138390.5
3813,4530686.0
3814,7579106.5
3815,185552050.0
3816,95797096.0
3817,125040856.0
3818,110425190.0
3819,51707076.0
3820,29057182.0
3821,116534460.0
3822,23900224.0
3823,4293255.5
3824,9353028.0
3825,8820062.0
3826,98778260.0
3827,12730035.0
3828,17420600.0
3829,-1081946.9
3830,45925040.0
3831,-819669.8
3832,238079950.0
3833,72641390.0
3834,23232380.0
3835,1032265.75
3836,35615692.0
3837,98716770.0
3838,88019470.0
3839,924620.9
3840,33966144.0
3841,8761194.0
3842,45701444.0
3843,80526400.0
3844,3494066.0
3845,-1685724.4
3846,3428518.8
3847,2657714.5
3848,21337970.0
3849,104172824.0
3850,28060702.0
3851,13863049.0
3852,6749694.5
3853,160044050.0
3854,6529527.5
3855,9632566.0
3856,22181314.0
3857,633943940.0
3858,-619207.5
3859,14833806.0
3860,19890220.0
3861,90031840.0
3862,10440815.0
3863,107467700.0
3864,69331700.0
3865,37672136.0
3866,16093030.0
3867,75901496.0
3868,36090316.0
3869,51045330.0
3870,137084450.0
3871,589588860.0
3872,40672490.0
3873,26497742.0
3874,4673956.0
3875,64414316.0
3876,4472768.5
3877,30729700.0
3878,191403860.0
3879,556369660.0
3880,24951360.0
3881,4225572.0
3882,3562782.0
3883,6820658.0
3884,735660600.0
3885,17431580.0
3886,32317254.0
3887,31081908.0
3888,-7317879.5
3889,218352160.0
3890,107640210.0
3891,7096912.0
3892,15207072.0
3893,398372640.0
3894,109709380.0
3895,37011904.0
3896,56739308.0
3897,72756360.0
3898,34787000.0
3899,769359550.0
3900,46778884.0
3901,193867.44
3902,-2248480.2
3903,11307313.0
3904,893379.9
3905,25660330.0
3906,117733650.0
3907,8340900.5
3908,134307980.0
3909,1944984.6
3910,30683150.0
3911,3220863.0
3912,9294757.0
3913,100036880.0
3914,23538270.0
3915,223067410.0
3916,-1028143.7
3917,14344788.0
3918,13936135.0
3919,50659244.0
3920,39784692.0
3921,1568175.4
3922,55189044.0
3923,35411316.0
3924,31895600.0
3925,251626690.0
3926,3420999.0
3927,39822212.0
3928,86818430.0
3929,204267020.0
3930,13253541.0
3931,20878324.0
3932,23245758.0
3933,32834920.0
3934,80880530.0
3935,2389352.8
3936,4672307.5
3937,194357620.0
3938,136111230.0
3939,68276020.0
3940,-5828852.5
3941,28996808.0
3942,358656160.0
3943,669428860.0
3944,26396350.0
3945,35200700.0
3946,3326894.5
3947,48680920.0
3948,19895292.0
3949,12232210.0
3950,9985804.0
3951,11648731.0
3952,63639548.0
3953,56049616.0
3954,359183230.0
3955,26152116.0
3956,89094640.0
3957,27468714.0
3958,13187217.0
3959,19716258.0
3960,11781709.0
3961,56335440.0
3962,23245758.0
3963,31965174.0
3964,935679100.0
3965,129728370.0
3966,18645494.0
3967,227436270.0
3968,37144950.0
3969,5793306.0
3970,108901784.0
3971,7646451.5
3972,11133344.0
3973,56347376.0
3974,117351560.0
3975,123640090.0
3976,92526240.0
3977,139095230.0
3978,385141340.0
3979,266526.3
3980,2668010.0
3981,9774615.0
3982,-3282553.5
3983,13087014.0
3984,242467260.0
3985,18163906.0
3986,983103940.0
3987,46805892.0
3988,14147778.0
3989,30473844.0
3990,31335996.0
3991,2485549.5
3992,1918501.1
3993,17165150.0
3994,64336964.0
3995,38600600.0
3996,107318510.0
3997,29192274.0
3998,84727870.0
3999,20128812.0
4000,80001460.0
4001,11677344.0
4002,315140130.0
4003,-932073.6
4004,65313772.0
4005,2502831.5
4006,50467896.0
4007,3302829.5
4008,11613455.0
4009,26800636.0
4010,-2941593.0
4011,29559846.0
4012,161373180.0
4013,107150040.0
4014,3720793.5
4015,74768920.0
4016,47156084.0
4017,28414044.0
4018,61664776.0
4019,273656670.0
4020,10384686.0
4021,91884760.0
4022,1384557.5
4023,113014310.0
4024,42110956.0
4025,10046818.0
4026,82499230.0
4027,102627450.0
4028,11446003.0
4029,-989991.2
4030,13815777.0
4031,134276700.0
4032,2898339.0
4033,8021191.5
4034,5793306.0
4035,48003524.0
4036,4903539.0
4037,98235130.0
4038,20731904.0
4039,10338888.0
4040,2794104.5
4041,3964544.5
4042,52570308.0
4043,1816792.9
4044,99495510.0
4045,106985860.0
4046,53423084.0
4047,362171260.0
4048,8552637.0
4049,4777498.0
4050,8173962.0
4051,543951740.0
4052,18870364.0
4053,14979160.0
4054,-4654612.0
4055,26280324.0
4056,37673610.0
4057,1213330.5
4058,450787.8
4059,2233512.5
4060,68600904.0
4061,144112800.0
4062,57583050.0
4063,23609604.0
4064,369313020.0
4065,80872610.0
4066,7249232.5
4067,24978046.0
4068,14304104.0
4069,29124092.0
4070,46310410.0
4071,21075694.0
4072,5599368.0
4073,155250930.0
4074,10438240.0
4075,-8745548.0
4076,31961352.0
4077,386070400.0
4078,6512454.5
4079,112320216.0
4080,8132948.0
4081,4925390.0
4082,134417600.0
4083,128601540.0
4084,1652942.0
4085,37667830.0
4086,120544504.0
4087,32923612.0
4088,29424832.0
4089,22947560.0
4090,11288240.0
4091,172710960.0
4092,75249400.0
4093,54384150.0
4094,16553489.0
4095,181102910.0
4096,8305003.0
4097,47526790.0
4098,15141856.0
4099,5375238.5
4100,157491780.0
4101,35732372.0
4102,34770732.0
4103,46169404.0
4104,5744640.0
4105,-806390.75
4106,5793306.0
4107,2943270.0
4108,38246776.0
4109,1944984.6
4110,24231794.0
4111,-525978.5
4112,72353784.0
4113,13510963.0
4114,158389230.0
4115,15732528.0
4116,26972972.0
4117,-4908648.0
4118,71128400.0
4119,74962250.0
4120,868598.9
4121,5551946.5
4122,145091520.0
4123,795964.3
4124,50859936.0
4125,30536374.0
4126,30822850.0
4127,6870964.0
4128,21568764.0
4129,54621504.0
4130,7756331.0
4131,202399460.0
4132,103942930.0
4133,37354050.0
4134,19983548.0
4135,39025930.0
4136,277643360.0
4137,35632404.0
4138,46472256.0
4139,4943945.0
4140,13482558.0
4141,36591650.0
4142,53265624.0
4143,70569500.0
4144,6289771.0
4145,48093748.0
4146,-1576944.0
4147,868598.9
4148,37891530.0
4149,10892567.0
4150,7188978.5
4151,-3477430.5
4152,45502772.0
4153,17848090.0
4154,12835990.0
4155,13826471.0
4156,37540480.0
4157,-480717.56
4158,26280324.0
4159,87105170.0
4160,287161400.0
4161,8352784.5
4162,36541772.0
4163,117093790.0
4164,29566078.0
4165,18041294.0
4166,-3139529.2
4167,81254424.0
4168,7785669.0
4169,-10909077.0
4170,3236808.5
4171,128753416.0
4172,59365396.0
4173,20408994.0
4174,12405667.0
4175,-5865969.0
4176,9980353.0
4177,-989991.2
4178,417692480.0
4179,10263825.0
4180,146143380.0
4181,80722130.0
4182,10846222.0
4183,80801630.0
4184,18212234.0
4185,21662414.0
4186,13075582.0
4187,19087460.0
4188,16894706.0
4189,2572868.8
4190,-710320.6
4191,30195236.0
4192,2780258.0
4193,334572770.0
4194,112683890.0
4195,15207072.0
4196,14219312.0
4197,37016830.0
4198,2560749.0
4199,19889242.0
4200,70053060.0
4201,58392376.0
4202,50764064.0
4203,27998500.0
4204,97945500.0
4205,44107096.0
4206,31518916.0
4207,704469760.0
4208,726980100.0
4209,45811064.0
4210,78949860.0
4211,22672290.0
4212,491287600.0
4213,25518650.0
4214,27685444.0
4215,22820726.0
4216,1370591.4
4217,333433.84
4218,109556104.0
4219,35349280.0
4220,43304292.0
4221,-184221.28
4222,11227100.0
4223,91276590.0
4224,9305890.0
4225,63709890.0
4226,18911904.0
4227,16301451.0
4228,1388555.8
4229,74218264.0
4230,45299176.0
4231,5045300.0
4232,25007714.0
4233,64399276.0
4234,111535960.0
4235,48411480.0
4236,10686924.0
4237,27538934.0
4238,55847612.0
4239,240524100.0
4240,306250050.0
4241,47148948.0
4242,25744472.0
4243,-2331394.5
4244,62136852.0
4245,8161023.0
4246,2487732.0
4247,45828744.0
4248,19302306.0
4249,50652020.0
4250,32490468.0
4251,2217314.8
4252,97092540.0
4253,131471740.0
4254,59442360.0
4255,20837670.0
4256,329420130.0
4257,107799760.0
4258,63896716.0
4259,-175848.4
4260,202885120.0
4261,24359598.0
4262,1457779.2
4263,7449766.5
4264,561777200.0
4265,3938728.5
4266,34172160.0
4267,25632230.0
4268,-2390113.5
4269,3988114.2
4270,590129700.0
4271,15007898.0
4272,-2608002.2
4273,72435050.0
4274,43489724.0
4275,33306796.0
4276,13656662.0
4277,59606816.0
4278,18786374.0
4279,125104040.0
4280,4683450.0
4281,-113291.07
4282,35129570.0
4283,3436148.0
4284,2636564.5
4285,-710320.6
4286,294710980.0
4287,27942076.0
4288,72138320.0
4289,35225710.0
4290,89883660.0
4291,10221964.0
4292,13267269.0
4293,109855550.0
4294,78973224.0
4295,135389940.0
4296,43292576.0
4297,136635060.0
4298,1962211.0
4299,9080742.0
4300,85373624.0
4301,8468106.0
4302,21513950.0
4303,50289250.0
4304,82758456.0
4305,26233880.0
4306,54949904.0
4307,4388584.0
4308,1887067.1
4309,50253370.0
4310,-47860.383
4311,8257735.0
4312,82314910.0
4313,248117540.0
4314,2430296.8
4315,116539760.0
4316,294201440.0
4317,-1493911.2
4318,45161780.0
4319,-572552.5
4320,43694624.0
4321,53052412.0
4322,14696157.0
4323,15043966.0
4324,3552896.0
4325,-215165.69
4326,13967248.0
4327,132423590.0
4328,-1356511.5
4329,23384196.0
4330,773306400.0
4331,58422940.0
4332,71291224.0
4333,1524989.5
4334,37369244.0
4335,126303880.0
4336,50651960.0
4337,-1028143.7
4338,179755600.0
4339,117897020.0
4340,4740434.0
4341,32561712.0
4342,48235930.0
4343,43996140.0
4344,12807787.0
4345,1944984.6
4346,58910812.0
4347,106953624.0
4348,946238.4
4349,222796320.0
4350,-1087160.6
4351,104382296.0
4352,-714148.0
4353,164444880.0
4354,51623348.0
4355,39868330.0
4356,4663524.0
4357,240296220.0
4358,11231626.0
4359,90158990.0
4360,44849230.0
4361,118988910.0
4362,6901654.0
4363,65953412.0
4364,58143556.0
4365,8894992.0
4366,27343486.0
4367,63634100.0
4368,84034744.0
4369,43117720.0
4370,67717860.0
4371,81583920.0
4372,20556940.0
4373,43631012.0
4374,35128244.0
4375,2074224.1
4376,6490697.5
4377,13274450.0
4378,100722150.0
4379,141767020.0
4380,22657282.0
4381,82713680.0
4382,667714750.0
4383,308337660.0
4384,54112612.0
4385,8037141.0
4386,166793760.0
4387,114118460.0
4388,85676950.0
4389,224414270.0
4390,15298191.0
4391,-117198.39
4392,159963900.0
4393,11969938.0
4394,51278744.0
4395,6012707.5
4396,58243084.0
4397,46507230.0
4398,156343600.0
4399,8541461.0
4400,15876368.0
4401,52382230.0
4402,46119656.0
4403,15883694.0
4404,22745406.0
4405,32867250.0
4406,5278995.5
4407,15303074.0
4408,3915939.0
4409,-15247030.0
4410,21415186.0
4411,15198372.0
4412,78533470.0
4413,33244782.0
4414,-512451.56
4415,23209394.0
4416,104893.52
4417,159964670.0
4418,14296870.0
4419,32119080.0
4420,575936640.0
4421,5931712.0
4422,9975269.0
4423,10358295.0
4424,9638354.0
4425,55717196.0
4426,210860780.0
4427,106658530.0
4428,34848020.0
4429,11571929.0
4430,1679416.6
4431,15582857.0
4432,99733464.0
4433,235358820.0
4434,544966100.0
4435,6070828.0
4436,34849640.0
4437,9080561.0
4438,5575897.5
4439,23941138.0
4440,8674913.0
4441,45309772.0
4442,9251745.0
4443,9038353.0
4444,-6276300.0
4445,15634028.0
4446,-923702.4
4447,57452600.0
4448,47182984.0
4449,6447452.5
4450,84134000.0
4451,382036220.0
4452,23668564.0
4453,14510673.0
4454,-1095085.4
4455,-113291.07
4456,74841544.0
4457,-1704296.5
4458,20505098.0
4459,92988776.0
4460,14619324.0
4461,137475620.0
4462,20894290.0
4463,16468418.0
4464,59954410.0
4465,21983174.0
4466,-47860.383
4467,44242720.0
4468,5722853.0
4469,27751134.0
4470,32349412.0
4471,-932073.6
4472,170055140.0
4473,14403821.0
4474,26205986.0
4475,15066770.0
4476,9485528.0
4477,31677310.0
4478,8318711.5
4479,14138928.0
4480,120599370.0
4481,29766208.0
4482,14167331.0
4483,10100518.0
4484,17864030.0
4485,54236010.0
4486,66005884.0
4487,19727452.0
4488,92131480.0
4489,41208564.0
4490,16743341.0
4491,199854160.0
4492,-1161348.1
4493,10733575.0
4494,1159790.6
4495,12752101.0
4496,200653470.0
4497,10657736.0
4498,102949730.0
4499,-157384.72
4500,213450160.0
4501,19031070.0
4502,14004506.0
4503,299880580.0
4504,-3703642.5
4505,13053182.0
4506,82430990.0
4507,2662831.2
4508,2457587.5
4509,7369095.5
4510,17495226.0
4511,256344860.0
4512,-1294991.0
4513,44567656.0
4514,19856936.0
4515,316924220.0
4516,9910869.0
4517,20002234.0
4518,124376360.0
4519,77756880.0
4520,10354882.0
4521,32725124.0
4522,41864868.0
4523,79613390.0
4524,3520275.0
4525,24762578.0
4526,6592877.5
4527,106124590.0
4528,13862721.0
4529,4620754.0
4530,23609910.0
4531,9837357.0
4532,22615000.0
4533,32549826.0
4534,16785734.0
4535,78092990.0
4536,39496184.0
4537,-3440669.0
4538,44031560.0
4539,3302829.5
4540,218488030.0
4541,20717512.0
4542,57644412.0
4543,72295100.0
4544,11884442.0
4545,1650136.8
4546,1815372.2
4547,-1428494.5
4548,37241636.0
4549,-669796.7
4550,13895244.0
4551,948159700.0
4552,72849770.0
4553,23057406.0
4554,311696420.0
4555,-157384.72
4556,48303820.0
4557,12804103.0
4558,19696168.0
4559,14224825.0
4560,97917560.0
4561,75504500.0
4562,271940.8
4563,310201020.0
4564,1551567.6
4565,3302829.5
4566,44998812.0
4567,75934380.0
4568,5243305.5
4569,12306430.0
4570,20680494.0
4571,10927908.0
4572,38127708.0
4573,44260320.0
4574,-669796.7
4575,4438372.5
4576,22407074.0
4577,14965343.0
4578,34416908.0
4579,35688068.0
4580,100985650.0
4581,26144842.0
4582,58355196.0
4583,237746860.0
4584,61485564.0
4585,138269280.0
4586,16689722.0
4587,5946550.0
4588,186346990.0
4589,16611710.0
4590,839047940.0
4591,17354608.0
4592,-4460610.0
4593,4229512.0
4594,25465880.0
4595,615945400.0
4596,515339260.0
4597,19479276.0
4598,141931860.0
4599,13837613.0
4600,7200047.5
4601,53576180.0
4602,46791670.0
4603,20890474.0
4604,33390404.0
4605,351139700.0
4606,221064050.0
4607,30697092.0
4608,791368.5
4609,29546612.0
4610,98550616.0
4611,52365160.0
4612,32763456.0
4613,36346390.0
4614,36209336.0
4615,12984227.0
4616,-4377640.5
4617,62359176.0
4618,5328382.0
4619,16933516.0
4620,8042341.5
4621,235853400.0
4622,41045500.0
4623,26270544.0
4624,-669796.7
4625,38793504.0
4626,16530171.0
4627,49254160.0
4628,755813.75
4629,-2412472.2
4630,19531848.0
4631,6976879.5
4632,4520347.0
4633,16685423.0
4634,9648538.0
4635,8616258.0
4636,39961384.0
4637,10581976.0
4638,31063170.0
4639,1761090.6
4640,16401313.0
4641,1708129.4
4642,100705100.0
4643,57755120.0
4644,17317964.0
4645,3075415.8
4646,741133900.0
4647,1050670.6
4648,12719388.0
4649,162117540.0
4650,120581210.0
4651,-1414914.8
4652,402135520.0
4653,6640570.5
4654,64299400.0
4655,61884784.0
4656,6075693.0
4657,33416602.0
4658,41892236.0
4659,11525408.0
4660,6038436.5
4661,21540606.0
4662,4620754.0
4663,16862116.0
4664,-1699360.2
4665,36666100.0
4666,32861532.0
4667,176062990.0
4668,-1493911.2
4669,9670642.0
4670,36992524.0
4671,8000592.5
4672,5278995.5
4673,46116228.0
4674,10386050.0
4675,36294830.0
4676,452896.16
4677,2885352.5
4678,7806427.0
4679,444523.84
4680,4164326.0
4681,38554116.0
4682,2898339.0
4683,6712713.5
4684,3277124.0
4685,54687416.0
4686,10976362.0
4687,16995700.0
4688,156970290.0
4689,10891685.0
4690,16228117.0
4691,27731200.0
4692,8829561.0
4693,14846157.0
4694,14116544.0
4695,34816600.0
4696,-7008700.5
4697,54506748.0
4698,-195937.34
4699,29025336.0
4700,131542936.0
4701,200447470.0
4702,27451746.0
4703,38925.375
4704,85875980.0
4705,34553050.0
4706,90537770.0
4707,2915590.2
4708,24047780.0
4709,-143735.25
4710,235044640.0
4711,17695268.0
4712,8136035.0
4713,329355100.0
4714,23335924.0
4715,871876.25
4716,-4449960.5
4717,25281680.0
4718,26246074.0
4719,196229170.0
4720,7443463.5
4721,13661124.0
4722,51992070.0
4723,4053149.8
4724,123386190.0
4725,20644956.0
4726,5350857.5
4727,97901720.0
4728,44716316.0
4729,59393052.0
4730,-1685724.4
4731,24340798.0
4732,305406560.0
4733,-2412472.2
4734,335497300.0
4735,54227900.0
4736,16035056.0
4737,74590650.0
4738,1530217.9
4739,58153476.0
4740,376042560.0
4741,1332760.6
4742,164163490.0
4743,8094724.0
4744,-5566693.5
4745,529029500.0
4746,60432016.0
4747,-4246100.5
4748,108964460.0
4749,2772905.8
4750,23179716.0
4751,48547130.0
4752,7561424.0
4753,12922148.0
4754,645723400.0
4755,18766032.0
4756,26371210.0
4757,111091590.0
4758,70268910.0
4759,398523070.0
4760,-832808.3
4761,19993980.0
4762,8136035.0
4763,-1956880.9
4764,548148900.0
4765,16648334.0
4766,238000270.0
4767,60475090.0
4768,110049360.0
4769,49261436.0
4770,81972020.0
4771,226901780.0
4772,16834930.0
4773,26347244.0
4774,11936437.0
4775,-47860.383
4776,-6214511.5
4777,145577000.0
4778,85403976.0
4779,19886502.0
4780,240702850.0
4781,-669796.7
4782,36710320.0
4783,11687306.0
4784,16241319.0
4785,24093458.0
4786,75894330.0
4787,64026470.0
4788,175506670.0
4789,15590811.0
4790,83588250.0
4791,55018404.0
4792,13672090.0
4793,29932282.0
4794,-3678922.5
4795,41631244.0
4796,15250177.0
4797,860528700.0
4798,62485572.0
4799,69970104.0
4800,42541104.0
4801,4994988.0
4802,30819870.0
4803,3248285.2
4804,13862721.0
4805,1115953.8
4806,11178941.0
4807,1650856.9
4808,9318686.0
4809,102857400.0
4810,-2608002.2
4811,2813783.5
4812,159135870.0
4813,53173404.0
4814,-13364747.0
4815,47046028.0
4816,48640944.0
4817,-23571394.0
4818,26005390.0
4819,6052825.5
4820,54346320.0
4821,634369.75
4822,7559650.5
4823,15093107.0
4824,36969970.0
4825,61524496.0
4826,29959816.0
4827,88440490.0
4828,40123668.0
4829,52555150.0
4830,55188600.0
4831,25309260.0
4832,12935943.0
4833,11516402.0
4834,12700518.0
4835,90814150.0
4836,9596868.0
4837,299372320.0
4838,81708710.0
4839,6582653.5
4840,474214340.0
4841,-727714.1
4842,46654452.0
4843,146420530.0
4844,7090009.0
4845,23036634.0
4846,1853294.2
4847,431486720.0
4848,32914676.0
4849,258768850.0
4850,11693536.0
4851,-210872.25
4852,12281725.0
4853,103373840.0
4854,14926758.0
4855,93583176.0
4856,12688360.0
4857,26711202.0
4858,35729596.0
4859,18062950.0
4860,249514670.0
4861,148324160.0
4862,159877890.0
4863,163832780.0
4864,76992730.0
4865,18150368.0
4866,10891685.0
4867,178848430.0
4868,7158621.5
4869,2685699.5
4870,6398205.5
4871,53811600.0
4872,2759860.5
4873,20293972.0
4874,100481410.0
4875,29836938.0
4876,48072080.0
4877,30491844.0
4878,50729570.0
4879,42093280.0
4880,34470240.0
4881,2000167.9
4882,-3220625.5
4883,70337290.0
4884,119083300.0
4885,12394054.0
4886,26763048.0
4887,2492553.5
4888,17384548.0
4889,25508254.0
4890,125716170.0
4891,11215172.0
4892,8851622.0
4893,85315600.0
4894,6431193.5
4895,12277407.0
4896,178277150.0
4897,7177068.0
4898,112738840.0
4899,134044930.0
4900,125671090.0
4901,111828890.0
4902,486575.88
4903,15207072.0
4904,276649630.0
4905,30013486.0
4906,-3712014.5
4907,831956600.0
4908,22938242.0
4909,183603500.0
4910,114075250.0
4911,23346824.0
4912,121681940.0
4913,30404846.0
4914,58319664.0
4915,70389496.0
4916,28035958.0
4917,5031240.0
4918,248565680.0
4919,27346264.0
4920,53975070.0
4921,96873700.0
4922,8889010.0
4923,14268297.0
4924,129146190.0
4925,215113760.0
4926,-360456.3
4927,13105423.0
4928,43726652.0
4929,72752620.0
4930,16663304.0
4931,9260146.0
4932,-2623146.5
4933,111993320.0
4934,1710859.6
4935,810221950.0
4936,6865805.0
4937,1955115.8
4938,-4195011.5
4939,549436.8
4940,20914378.0
4941,104381360.0
4942,590469.3
4943,52611430.0
4944,119802456.0
4945,-179568.72
4946,14479494.0
4947,-2594277.8
4948,-1316964.5
4949,32359758.0
4950,27782006.0
4951,25139582.0
4952,6881117.0
4953,157447500.0
4954,66373404.0
4955,11268584.0
4956,7248558.0
4957,50261330.0
4958,19493554.0
4959,31766930.0
4960,74988610.0
4961,100320210.0
4962,1575579.4
4963,56051884.0
4964,35106970.0
4965,4746945.0
4966,10446993.0
4967,59919224.0
4968,18671164.0
4969,3152956.5
4970,3325605.5
4971,45794580.0
4972,33297082.0
4973,65928920.0
4974,74233110.0
4975,8655527.0
4976,-346304.66
4977,77922860.0
4978,4392524.0
4979,2824513.8
4980,51572028.0
4981,24479478.0
4982,61409404.0
4983,1475473.2
4984,138773390.0
4985,258699180.0
4986,-6367530.0
4987,-447326.94
4988,6368740.0
4989,64667044.0
4990,5756529.0
4991,13609728.0
4992,199233400.0
4993,7845624.5
4994,78294280.0
4995,683961.25
4996,21548698.0
4997,60636316.0
4998,5346899.0
4999,60678876.0
5000,141664270.0
5001,295069120.0
5002,273483620.0
5003,135586640.0
5004,37363250.0
5005,23600354.0
5006,282735680.0
5007,51238276.0
5008,301768320.0
5009,32051452.0
5010,5835302.0
5011,38041236.0
5012,90481256.0
5013,37905720.0
5014,69988456.0
5015,70653750.0
5016,112240160.0
5017,31274056.0
5018,21711978.0
5019,81845220.0
5020,52212720.0
5021,-1028143.7
5022,27869612.0
5023,-818189.5
5024,157774910.0
5025,10556562.0
5026,86894136.0
5027,58371332.0
5028,96314090.0
5029,79897590.0
5030,23684102.0
5031,2422982.5
5032,137695630.0
5033,13350979.0
5034,11358959.0
5035,1773320.6
5036,27471828.0
5037,64500300.0
5038,276859500.0
5039,4291709.5
5040,177795570.0
5041,64093948.0
5042,10924632.0
5043,37296536.0
5044,387067840.0
5045,26485942.0
5046,4391109.0
5047,8778921.0
5048,-619207.5
5049,27921576.0
5050,1530217.9
5051,260810900.0
5052,142135760.0
5053,17452976.0
5054,31811330.0
5055,-1351294.1
5056,4503106.0
5057,4663524.0
5058,-2135448.2
5059,27952418.0
5060,72232210.0
5061,51333972.0
5062,-669796.7
5063,-3861888.0
5064,70975120.0
5065,28004744.0
5066,38272990.0
5067,27381278.0
5068,-4650200.0
5069,93304140.0
5070,18026226.0
5071,70831840.0
5072,130356650.0
5073,13672090.0
5074,1824155.9
5075,48069230.0
5076,38693290.0
5077,128448090.0
5078,-923702.4
5079,13321541.0
5080,106769880.0
5081,50932076.0
5082,19923660.0
5083,11124669.0
5084,11610964.0
5085,5061935.0
5086,37788268.0
5087,3037725.5
5088,11929712.0
5089,12053340.0
5090,29459244.0
5091,25941290.0
5092,35134424.0
5093,40697916.0
5094,75374980.0
5095,106546080.0
5096,58516732.0
5097,1710859.6
5098,2856882.5
5099,28489646.0
5100,12463147.0
5101,-669796.7
5102,6713689.0
5103,5975877.5
5104,45660424.0
5105,17879498.0
5106,-4855608.0
5107,50093116.0
5108,20327932.0
5109,-85817.67
5110,24380532.0
5111,72141410.0
5112,23449040.0
5113,3244912.0
5114,2061458.5
5115,22000574.0
5116,-3923886.5
5117,247245360.0
5118,65037292.0
5119,1629802.2
5120,6640570.5
5121,63951144.0
5122,25226532.0
5123,8625156.0
5124,19281226.0
5125,21293014.0
5126,23258946.0
5127,54428884.0
5128,666276.9
5129,-5102450.0
5130,27998194.0
5131,15244307.0
5132,53904784.0
5133,175049360.0
5134,108105160.0
5135,137143250.0
5136,12688360.0
5137,89700270.0
5138,-2319717.8
5139,151176500.0
5140,201695040.0
5141,60157548.0
5142,153965300.0
5143,129580776.0
5144,73218870.0
5145,8164439.0
5146,2217394.0
5147,9171317.0
5148,29090646.0
5149,17725552.0
5150,156763340.0
5151,347616770.0
5152,48429710.0
5153,19687220.0
5154,104575690.0
5155,-1799535.8
5156,723010800.0
5157,13027446.0
5158,5653871.0
5159,70939390.0
5160,8845309.0
5161,19135774.0
5162,107692390.0
5163,326898180.0
5164,12669232.0
5165,27577876.0
5166,110646610.0
5167,13350979.0
5168,13967248.0
5169,2511158.5
5170,163798110.0
5171,134747250.0
5172,10601102.0
5173,56549384.0
5174,103127000.0
5175,4921989.5
5176,6872768.0
5177,451152350.0
5178,673352450.0
5179,6175321.0
5180,27420736.0
5181,1627866.5
5182,48986160.0
5183,-11422778.0
5184,32843540.0
5185,24351772.0
5186,6473944.0
5187,7020301.5
5188,30546224.0
5189,42585520.0
5190,403816200.0
5191,69329840.0
5192,86509440.0
5193,137866910.0
5194,50378696.0
5195,189653710.0
5196,55962292.0
5197,184642080.0
5198,73565080.0
5199,15646566.0
5200,10692622.0
5201,23027008.0
5202,18556030.0
5203,-1628082.6
5204,-117198.39
5205,27554630.0
5206,32903192.0
5207,12060511.0
5208,42679336.0
5209,100994750.0
5210,26098032.0
5211,15739025.0
5212,14440510.0
5213,63560084.0
5214,-722425.75
5215,8873530.0
5216,1295705.2
5217,24896360.0
5218,20078406.0
5219,73093280.0
5220,49393420.0
5221,-932073.6
5222,8161023.0
5223,221070060.0
5224,-1551828.5
5225,1710859.6
5226,71456450.0
5227,-143879.22
5228,30754396.0
5229,191009820.0
5230,6024405.5
5231,2927734.0
5232,9632566.0
5233,-3020129.8
5234,120612856.0
5235,36831104.0
5236,122270490.0
5237,166616060.0
5238,-8212336.5
5239,106492680.0
5240,173900020.0
5241,27112304.0
5242,51606960.0
5243,-6615482.0
5244,94672056.0
5245,1057971.6
5246,27133232.0
5247,14950298.0
5248,8887928.0
5249,47235948.0
5250,129915820.0
5251,4291154.5
5252,2793396.5
5253,7257808.0
5254,1629037.5
5255,52228300.0
5256,51372936.0
5257,14280330.0
5258,4694578.5
5259,85644536.0
5260,9155561.0
5261,61412704.0
5262,26110402.0
5263,62798156.0
5264,-1727266.1
5265,82627500.0
5266,66278484.0
5267,-1067071.5
5268,20426596.0
5269,93741496.0
5270,5909025.5
5271,11941154.0
5272,85746310.0
5273,-85817.67
5274,73629140.0
5275,12277407.0
5276,115141790.0
5277,6052792.5
5278,11302388.0
5279,64143436.0
5280,11981898.0
5281,14483741.0
5282,19028944.0
5283,4616243.0
5284,-7303278.0
5285,108976190.0
5286,10307706.0
5287,4275659.5
5288,2623790.5
5289,244373650.0
5290,95006600.0
5291,503311600.0
5292,137913440.0
5293,199686030.0
5294,167239.47
5295,534351580.0
5296,-6230023.5
5297,87405900.0
5298,69683170.0
5299,11619945.0
5300,477810.53
5301,59629776.0
5302,28778022.0
5303,9509349.0
5304,15994988.0
5305,-119550.5
5306,49661010.0
5307,235265650.0
5308,386606.34
5309,1270688.0
5310,10492566.0
5311,19012350.0
5312,199710700.0
5313,713666560.0
5314,51511460.0
5315,549436.8
5316,46776936.0
5317,14948963.0
5318,2250455.0
5319,28587964.0
5320,16645690.0
5321,17546254.0
5322,-669796.7
5323,238254180.0
5324,16749803.0
5325,-941333.2
5326,39579104.0
5327,76674870.0
5328,34794972.0
5329,16006789.0
5330,186657200.0
5331,24306628.0
5332,1551567.6
5333,70846110.0
5334,54729684.0
5335,11143794.0
5336,20524556.0
5337,-9328598.0
5338,55659372.0
5339,43691056.0
5340,7705743.0
5341,118604630.0
5342,202763780.0
5343,29186782.0
5344,103519490.0
5345,4220417.0
5346,132448920.0
5347,2494902.0
5348,16975182.0
5349,3823813.2
5350,3302829.5
5351,208915900.0
5352,27245268.0
5353,17542552.0
5354,120321670.0
5355,47459956.0
5356,17581722.0
5357,145078.6
5358,89659380.0
5359,60886400.0
5360,133457260.0
5361,9307169.0
5362,-3572960.2
5363,28264478.0
5364,-932073.6
5365,99838020.0
5366,144929490.0
5367,160577460.0
5368,13388616.0
5369,608885100.0
5370,31915026.0
5371,22195654.0
5372,463653800.0
5373,64503080.0
5374,158647380.0
5375,129397380.0
5376,195530220.0
5377,255404740.0
5378,9632566.0
5379,25925760.0
5380,55414268.0
5381,119707700.0
5382,73313540.0
5383,2874725.0
5384,325833000.0
5385,94429810.0
5386,10595891.0
5387,21398550.0
5388,211630300.0
5389,14730828.0
5390,52613428.0
5391,13600109.0
5392,1710859.6
5393,25202036.0
5394,40883480.0
5395,27348430.0
5396,309117500.0
5397,12897376.0
5398,20964880.0
5399,269055.72
5400,12600453.0
5401,71102504.0
5402,77647390.0
5403,45776730.0
5404,-932073.6
5405,35668984.0
5406,-47860.383
5407,162196940.0
5408,583718400.0
5409,74658090.0
5410,7381755.0
5411,29155948.0
5412,-3712014.5
5413,14476210.0
5414,168084660.0
5415,71361060.0
5416,27760324.0
5417,166148200.0
5418,1019881.56
5419,-932073.6
5420,51152788.0
5421,40361550.0
5422,136327780.0
5423,358635460.0
5424,131677680.0
5425,39091170.0
5426,-4331140.0
5427,4161103.0
5428,98197736.0
5429,79364320.0
5430,125260370.0
5431,56372030.0
5432,126819510.0
5433,12863860.0
5434,54658732.0
5435,15501490.0
5436,21389894.0
5437,43746052.0
5438,17237264.0
5439,1597948.2
5440,55016890.0
5441,6447693.0
5442,135804980.0
5443,88707820.0
5444,44107452.0
5445,49903430.0
5446,169619820.0
5447,16469891.0
5448,17902118.0
5449,81330820.0
5450,15706803.0
5451,25603290.0
5452,-1028143.7
5453,326314800.0
5454,121421050.0
5455,47573404.0
5456,21600994.0
5457,45267944.0
5458,8537053.0
5459,15690458.0
5460,4388584.0
5461,-3169840.0
5462,4835416.0
5463,784994100.0
5464,2812292.0
5465,40163736.0
5466,46711990.0
5467,41445860.0
5468,81221336.0
5469,8778921.0
5470,282535040.0
5471,73481820.0
5472,90362000.0
5473,18236770.0
5474,54717616.0
5475,67380370.0
5476,7255741.0
5477,10885422.0
5478,65433824.0
5479,70314530.0
5480,25042376.0
5481,7503792.0
5482,102731570.0
5483,20772850.0
5484,226040980.0
5485,6882533.0
5486,40796450.0
5487,242529820.0
5488,75140330.0
5489,67329220.0
5490,48406340.0
5491,52534404.0
5492,9093065.0
5493,30284122.0
5494,-7368224.5
5495,31249388.0
5496,33054784.0
5497,38904696.0
5498,6342722.5
5499,120616750.0
5500,-4059755.0
5501,16933784.0
5502,12582621.0
5503,14781868.0
5504,3341893.2
5505,1391379.1
5506,356209380.0
5507,36587330.0
5508,163600530.0
5509,144128030.0
5510,19668340.0
5511,5062098.5
5512,259367890.0
5513,-1781575.6
5514,47036730.0
5515,13277696.0
5516,-8491466.0
5517,147495780.0
5518,21777842.0
5519,240603360.0
5520,9976423.0
5521,28772590.0
5522,-572552.5
5523,206312620.0
5524,505285600.0
5525,33905770.0
5526,18698202.0
5527,-6803316.0
5528,101467000.0
5529,2252497.0
5530,294773220.0
5531,2106767.5
5532,14827124.0
5533,141499090.0
5534,354324700.0
5535,-6910504.5
5536,-679035.7
5537,6097090.5
5538,38206796.0
5539,171224110.0
5540,27469920.0
5541,97331740.0
5542,5249602.0
5543,2741774.8
5544,76233630.0
5545,2943270.0
5546,13120834.0
5547,27037264.0
5548,12305033.0
5549,60881910.0
5550,65590644.0
5551,13826706.0
5552,57077990.0
5553,56942440.0
5554,43631012.0
5555,84609340.0
5556,16304457.0
5557,11016378.0
5558,698272200.0
5559,3125160.5
5560,10766102.0
5561,35928388.0
5562,54368268.0
5563,-619207.5
5564,5780885.5
5565,4993520.5
5566,13457577.0
5567,1773007.4
5568,35039170.0
5569,44822244.0
5570,39049692.0
5571,97840580.0
5572,4220417.0
5573,113314450.0
5574,-13814517.0
5575,227672130.0
5576,158421310.0
5577,25979888.0
5578,10307706.0
5579,39418710.0
5580,4671812.0
5581,36666100.0
5582,23002312.0
5583,87663460.0
5584,57850708.0
5585,32430038.0
5586,11629897.0
5587,16280947.0
5588,202283310.0
5589,90464660.0
5590,3901459.8
5591,82627500.0
5592,517309.53
5593,48067004.0
5594,42141240.0
5595,64195924.0
5596,148218370.0
5597,5266167.0
5598,26922166.0
5599,20521704.0
5600,10766102.0
5601,49447420.0
5602,101160250.0
5603,35668280.0
5604,42270108.0
5605,88567200.0
5606,86632240.0
5607,36973136.0
5608,85815060.0
5609,11629994.0
5610,41948496.0
5611,84217430.0
5612,731587800.0
5613,18844592.0
5614,17501678.0
5615,72222040.0
5616,14167331.0
5617,262536740.0
5618,26246960.0
5619,108913020.0
5620,8729564.0
5621,74421704.0
5622,-6999142.0
5623,38861870.0
5624,329215870.0
5625,-1493911.2
5626,6690381.0
5627,64358164.0
5628,29018788.0
5629,253140060.0
5630,4883710.0
5631,76298296.0
5632,23320946.0
5633,8812659.0
5634,42707484.0
5635,85328680.0
5636,2345714.5
5637,3595146.0
5638,98903080.0
5639,3488924.0
5640,-1512057.4
5641,86103570.0
5642,23654680.0
5643,8494504.0
5644,627419600.0
5645,204124620.0
5646,23954414.0
5647,20528526.0
5648,50143068.0
5649,-4360383.0
5650,105776310.0
5651,42798424.0
5652,5791051.5
5653,142685360.0
5654,107616184.0
5655,130577784.0
5656,805379460.0
5657,-5381868.0
5658,15085736.0
5659,122439980.0
5660,49769876.0
5661,19148332.0
5662,284789600.0
5663,17006236.0
5664,18163906.0
5665,76412780.0
5666,20928762.0
5667,110590790.0
5668,3335810.0
5669,11162122.0
5670,315953250.0
5671,16171627.0
5672,7830329.5
5673,112985330.0
5674,20170266.0
5675,-9288963.0
5676,1011626.75
5677,75538470.0
5678,92415360.0
5679,2060559.1
5680,38381796.0
5681,1281729500.0
5682,2217394.0
5683,456113000.0
5684,68143010.0
5685,6008426.0
5686,-775719.6
5687,89294410.0
5688,39217744.0
5689,26080804.0
5690,-2533851.8
5691,5983407.5
5692,468778100.0
5693,97217090.0
5694,86003176.0
5695,11045458.0
5696,49993508.0
5697,3244912.0
5698,26672366.0
5699,8037141.0
5700,95313990.0
5701,10019888.0
5702,36795530.0
5703,104958730.0
5704,73412560.0
5705,19790764.0
5706,4220417.0
5707,28684324.0
5708,55134080.0
5709,70151740.0
5710,10335225.0
5711,42936212.0
5712,102525256.0
5713,10390146.0
5714,16318727.0
5715,23254280.0
5716,6003249.5
5717,17438526.0
5718,36411704.0
5719,33481394.0
5720,26230368.0
5721,112033540.0
5722,-3783677.0
5723,137392060.0
5724,989894.7
5725,11781709.0
5726,67305880.0
5727,188393520.0
5728,14619324.0
5729,546015300.0
5730,12662193.0
5731,871876.25
5732,4379827.0
5733,24751300.0
5734,19912402.0
5735,7811069.5
5736,48311056.0
5737,41078788.0
5738,58041964.0
5739,18391646.0
5740,14104810.0
5741,122994180.0
5742,42449170.0
5743,41414844.0
5744,-619207.5
5745,9540717.0
5746,37995492.0
5747,1530217.9
5748,80622290.0
5749,74653220.0
5750,49278990.0
5751,79903496.0
5752,4833672.5
5753,198509490.0
5754,28156922.0
5755,70240990.0
5756,67656024.0
5757,23244680.0
5758,892142.25
5759,13967248.0
5760,9765934.0
5761,2898339.0
5762,213176480.0
5763,78770020.0
5764,-10883382.0
5765,9793691.0
5766,44031172.0
5767,45795144.0
5768,51114044.0
5769,413434720.0
5770,9270416.0
5771,26278324.0
5772,45828212.0
5773,252343380.0
5774,76397384.0
5775,15009774.0
5776,46615428.0
5777,158151260.0
5778,107963460.0
5779,167378960.0
5780,996827.9
5781,119799200.0
5782,32200010.0
5783,60304650.0
5784,1213330.5
5785,90874610.0
5786,21755822.0
5787,131151170.0
5788,6583368.0
5789,43212964.0
5790,68427576.0
5791,60326772.0
5792,986093.25
5793,34489360.0
5794,92561464.0
5795,76249680.0
5796,7705743.0
5797,31364100.0
5798,-1810825.0
5799,404769400.0
5800,4979583.5
5801,-2493965.2
5802,2250974.0
5803,3494066.0
5804,447821900.0
5805,12189538.0
5806,32213288.0
5807,38274788.0
5808,75368850.0
5809,15745860.0
5810,-334094.47
5811,6278882.5
5812,114361096.0
5813,169074910.0
5814,-2623146.5
5815,33227722.0
5816,122288.625
5817,43696044.0
5818,8488216.0
5819,10277267.0
5820,-1699365.2
5821,-1685724.4
5822,-210872.25
5823,45339250.0
5824,58948664.0
5825,11435338.0
5826,23207748.0
5827,2044918.2
5828,294964540.0
5829,81853270.0
5830,32456912.0
5831,84386470.0
5832,29562978.0
5833,49727410.0
5834,66776816.0
5835,173892.34
5836,96466510.0
5837,36969970.0
5838,444523.84
5839,67996890.0
5840,-2225172.8
5841,96159440.0
5842,62841828.0
5843,52906460.0
5844,10263825.0
5845,13345369.0
5846,3074571.0
5847,84510810.0
5848,47856804.0
5849,29355172.0
5850,12241044.0
5851,9023546.0
5852,4979634.5
5853,47810892.0
5854,55218452.0
5855,123964660.0
5856,20920128.0
5857,365813220.0
5858,1716968.1
5859,40316744.0
5860,84268860.0
5861,8132948.0
5862,11045458.0
5863,36648400.0
5864,558157500.0
5865,-12881295.0
5866,37853704.0
5867,35463950.0
5868,46344536.0
5869,7733848.5
5870,-619207.5
5871,85975336.0
5872,108073110.0
5873,17651966.0
5874,2494902.0
5875,51061580.0
5876,58251252.0
5877,-2216472.5
5878,62402280.0
5879,20629572.0
5880,68200070.0
5881,161284780.0
5882,224439470.0
5883,9080561.0
5884,39661796.0
5885,14915494.0
5886,16148300.0
5887,10169502.0
5888,17096688.0
5889,12233574.0
5890,14679825.0
5891,28913162.0
5892,41071060.0
5893,6524533.5
5894,91841310.0
5895,24228160.0
5896,150372530.0
5897,3302829.5
5898,29663088.0
5899,-169812.25
5900,13274450.0
5901,4225572.0
5902,20283218.0
5903,51495464.0
5904,67582690.0
5905,63741424.0
5906,73196470.0
5907,3074571.0
5908,85808320.0
5909,33470526.0
5910,281716480.0
5911,8109452.0
5912,290254200.0
5913,58711236.0
5914,11307313.0
5915,6842910.5
5916,54317948.0
5917,298793340.0
5918,73472290.0
5919,106406664.0
5920,2995580.2
5921,51310960.0
5922,19796262.0
5923,25348310.0
5924,30140054.0
5925,445770020.0
5926,5392491.5
5927,9050268.0
5928,51283536.0
5929,6899163.5
5930,38656108.0
5931,49971630.0
5932,-669796.7
5933,9619710.0
5934,106803040.0
5935,215868620.0
5936,149456290.0
5937,4988440.5
5938,5484884.0
5939,42568348.0
5940,309792640.0
5941,12344565.0
5942,98919530.0
5943,7443463.5
5944,49896956.0
5945,7506733.5
5946,4026931.0
5947,6640570.5
5948,178534350.0
5949,12272608.0
5950,171605120.0
5951,50497810.0
5952,3991306.8
5953,255923680.0
5954,40510360.0
5955,65243260.0
5956,95914696.0
5957,72041730.0
5958,72761940.0
5959,8009089.0
5960,66238090.0
5961,7567769.5
5962,-6001569.0
5963,63252948.0
5964,82949120.0
5965,159222130.0
5966,50590660.0
5967,443335680.0
5968,37171636.0
5969,51571184.0
5970,17775608.0
5971,5648389.0
5972,33170498.0
5973,122981370.0
5974,5249602.0
5975,11657911.0
5976,-3131502.2
5977,-767283.94
5978,734188800.0
5979,22186474.0
5980,244082340.0
5981,3048396.0
5982,108786460.0
5983,6519248.0
5984,70993010.0
5985,74684440.0
5986,386606.34
5987,9366118.0
5988,82019110.0
5989,-4222649.0
5990,121725290.0
5991,2751830.5
5992,41826772.0
5993,34350684.0
5994,4440012.0
5995,21939496.0
5996,28155662.0
5997,21977178.0
5998,329321730.0
5999,12545379.0
6000,4994010.5
6001,9163624.0
6002,46602420.0
6003,325550180.0
6004,54865652.0
6005,4308938.5
6006,11768522.0
6007,7937764.0
6008,3905919.0
6009,104495060.0
6010,76673100.0
6011,30963306.0
6012,27751346.0
6013,342869820.0
6014,11936917.0
6015,38454640.0
6016,38711212.0
6017,-1413180.0
6018,55566852.0
6019,1144994.4
6020,5628756.5
6021,17858364.0
6022,-8560594.0
6023,127572520.0
6024,6103170.0
6025,4373953.5
6026,138154420.0
6027,19101210.0
6028,124724830.0
6029,10883218.0
6030,177841120.0
6031,71206250.0
6032,-5692292.5
6033,53207624.0
6034,9873768.0
6035,20160692.0
6036,10154517.0
6037,9743300.0
6038,37531.836
6039,-2723596.8
6040,55688720.0
6041,171112260.0
6042,2793396.5
6043,140723970.0
6044,289958.78
6045,38534720.0
6046,2452634.5
6047,49664664.0
6048,38174864.0
6049,14984817.0
6050,1685784.1
6051,-1516744.0
6052,75653304.0
6053,5283128.5
6054,3066662.8
6055,4438372.5
6056,42870330.0
6057,1650856.9
6058,30937556.0
6059,203795000.0
6060,40995464.0
6061,65600884.0
6062,17673292.0
6063,111912640.0
6064,-1517228.6
6065,230094770.0
6066,50164972.0
6067,40437144.0
6068,666276.9
6069,232165010.0
6070,139212940.0
6071,8627830.0
6072,85704260.0
6073,70733660.0
6074,2934150.0
6075,50648660.0
6076,115137200.0
6077,4708593.5
6078,60019330.0
6079,533919700.0
6080,-932073.6
6081,2502831.5
6082,8781467.0
6083,81741200.0
6084,34244870.0
6085,38104876.0
6086,11319319.0
6087,60273710.0
6088,20128812.0
6089,77136150.0
6090,302646500.0
6091,2948929.0
6092,-7327280.0
6093,12323443.0
6094,103705610.0
6095,111421460.0
6096,8946143.0
6097,43610280.0
6098,28293880.0
6099,54923250.0
6100,26771832.0
6101,221007440.0
6102,59334436.0
6103,49695588.0
6104,12128608.0
6105,7829784.5
6106,5207399.0
6107,4388584.0
6108,31400738.0
6109,37962300.0
6110,106793016.0
6111,1407782.9
6112,-1028143.7
6113,16567519.0
6114,88184136.0
6115,143193150.0
6116,1685784.1
6117,10930848.0
6118,94274580.0
6119,97526376.0
6120,52232724.0
6121,10034091.0
6122,78362960.0
6123,2502831.5
6124,10299460.0
6125,21668270.0
6126,16238081.0
6127,13251531.0
6128,253201950.0
6129,1749160.8
6130,145078.6
6131,9264996.0
6132,3139818.0
6133,20907084.0
6134,88973600.0
6135,50981316.0
6136,708996700.0
6137,243418340.0
6138,8371952.0
6139,833257660.0
6140,10726094.0
6141,44250536.0
6142,3391195.0
6143,2977509.5
6144,29102226.0
6145,53648020.0
6146,40367690.0
6147,42492530.0
6148,19489304.0
6149,67744240.0
6150,407008100.0
6151,39583290.0
6152,1210663800.0
6153,8046920.5
6154,-47860.383
6155,152091330.0
6156,7666385.0
6157,22625436.0
6158,102923550.0
6159,38237540.0
6160,10002599.0
6161,17443336.0
6162,9802741.0
6163,9490898.0
6164,10726094.0
6165,121183370.0
6166,83344220.0
6167,1264938.6
6168,26207780.0
6169,89415610.0
6170,-1931042.5
6171,24160394.0
6172,4979634.5
6173,22124024.0
6174,80559944.0
6175,20805880.0
6176,5238943.0
6177,95139940.0
6178,1629037.5
6179,448686240.0
6180,143705380.0
6181,9131149.0
6182,377936800.0
6183,20502868.0
6184,583257900.0
6185,19101210.0
6186,52031184.0
6187,19602878.0
6188,103078000.0
6189,9411442.0
6190,93697976.0
6191,12366512.0
6192,97889080.0
6193,17109086.0
6194,10889907.0
6195,1710859.6
6196,48865400.0
6197,13000252.0
6198,77126790.0
6199,559005440.0
6200,1710859.6
6201,5705843.5
6202,111703460.0
6203,341002100.0
6204,5581180.5
6205,3091480.0
6206,55190900.0
6207,58400320.0
6208,72011656.0
6209,3302829.5
6210,12950873.0
6211,52105776.0
6212,17736374.0
6213,131147170.0
6214,14557841.0
6215,25188976.0
6216,33524660.0
6217,1764978.9
6218,19462148.0
6219,30572640.0
6220,683961.25
6221,11707842.0
6222,7048853.0
6223,63799290.0
6224,31516484.0
6225,67938480.0
6226,-2080312.0
6227,8256445.0
6228,19463876.0
6229,-1493911.2
6230,1629037.5
6231,53625696.0
6232,11278545.0
6233,135990940.0
6234,37110428.0
6235,20648708.0
6236,34332230.0
6237,12546125.0
6238,9112009.0
6239,260512980.0
6240,214917550.0
6241,-669796.7
6242,35668280.0
6243,14514737.0
6244,48129030.0
6245,9637023.0
6246,-18900248.0
6247,331580670.0
6248,3696914.0
6249,-3363397.5
6250,71477624.0
6251,96182260.0
6252,28751490.0
6253,10976817.0
6254,184113200.0
6255,23217192.0
6256,37095564.0
6257,69800590.0
6258,615684.8
6259,7559650.5
6260,6975787.5
6261,100247270.0
6262,14649948.0
6263,32658846.0
6264,14358859.0
6265,625235.75
6266,11461212.0
6267,170663660.0
6268,-1781575.6
6269,255651020.0
6270,121955660.0
6271,188077260.0
6272,14999105.0
6273,27462054.0
6274,325741760.0
6275,34308790.0
6276,37853704.0
6277,56606584.0
6278,7263313.5
6279,24899502.0
6280,5944497.0
6281,3205536.8
6282,357951580.0
6283,28207246.0
6284,82909330.0
6285,45380910.0
6286,4408772.0
6287,21801298.0
6288,98842780.0
6289,210816770.0
6290,-932073.6
6291,62922388.0
6292,187718460.0
6293,462807140.0
6294,158167900.0
6295,342730980.0
6296,11349757.0
6297,39405028.0
6298,6342722.5
6299,444523.84
6300,48589530.0
6301,34250556.0
6302,34674196.0
6303,7119997.5
6304,13073009.0
6305,145598850.0
6306,23018588.0
6307,-2379398.0
6308,4598050.0
6309,-3703642.5
6310,157136060.0
6311,-3712014.5
6312,3325605.5
6313,50988916.0
6314,48402176.0
6315,12412558.0
6316,102675336.0
6317,120552840.0
6318,43472010.0
6319,107375320.0
6320,67139170.0
6321,187807380.0
6322,53027684.0
6323,16334567.0
6324,5204019.0
6325,110626800.0
6326,10086396.0
6327,16975842.0
6328,66149356.0
6329,5429912.5
6330,-12361025.0
6331,136028030.0
6332,-11464804.0
6333,20075656.0
6334,-1516744.0
6335,147174910.0
6336,156224000.0
6337,65451744.0
6338,1944984.6
6339,84990030.0
6340,10196128.0
6341,5890547.0
6342,20409318.0
6343,26124496.0
6344,144736930.0
6345,1475473.2
6346,130306290.0
6347,64069356.0
6348,1184287.5
6349,99790100.0
6350,5085681.5
6351,162729900.0
6352,113360760.0
6353,-1895886.4
6354,3302829.5
6355,2324487.0
6356,34714696.0
6357,3829728.5
6358,6377285.5
6359,3905646.0
6360,-20419856.0
6361,167988020.0
6362,7636832.5
6363,16373786.0
6364,12202279.0
6365,139623680.0
6366,14827124.0
6367,4281509.0
6368,86736000.0
6369,32132248.0
6370,291577250.0
6371,7301271.5
6372,52527064.0
6373,13045664.0
6374,9538599.0
6375,192877390.0
6376,23706716.0
6377,2771952.5
6378,-2722127.0
6379,255440100.0
6380,27609354.0
6381,301204000.0
6382,170428960.0
6383,43823544.0
6384,73936060.0
6385,30130606.0
6386,643341440.0
6387,31439086.0
6388,12760198.0
6389,5773143.5
6390,33482458.0
6391,1650136.8
6392,14332299.0
6393,197534300.0
6394,228593630.0
6395,2743359.0
6396,-619207.5
6397,8832089.0
6398,22631460.0
6399,5890547.0
6400,9832493.0
6401,1366760.0
6402,18388134.0
6403,23547208.0
6404,31242770.0
6405,-3703642.5
6406,14875616.0
6407,25188976.0
6408,35247956.0
6409,79425896.0
6410,21297094.0
6411,1527396.8
6412,6623460.5
6413,20141030.0
6414,515102600.0
6415,3196829.2
6416,4997200.5
6417,69880270.0
6418,62233188.0
6419,24266280.0
6420,14286958.0
6421,140366.75
6422,4388584.0
6423,7939462.0
6424,74200340.0
6425,35929220.0
6426,16073486.0
6427,32135546.0
6428,-639471.9
6429,31324848.0
6430,108048680.0
6431,118361530.0
6432,108077260.0
6433,38658584.0
6434,20606278.0
6435,36733716.0
6436,72992020.0
6437,15093107.0
6438,29600584.0
6439,3809638.0
6440,57924852.0
6441,18716472.0
6442,40291476.0
6443,7839863.5
6444,1944984.6
6445,266203980.0
6446,297097920.0
6447,16663304.0
6448,3335810.0
6449,19239778.0
6450,12948031.0
6451,12148114.0
6452,94894520.0
6453,56029764.0
6454,13095412.0
6455,-2210567.5
6456,18509894.0
6457,105695510.0
6458,4275495.5
6459,40612292.0
6460,78744664.0
6461,144827740.0
6462,173602000.0
6463,-932073.6
6464,22543676.0
6465,19336492.0
6466,30308022.0
6467,19220046.0
6468,-175848.4
6469,13595634.0
6470,2531028.0
6471,6294958.5
6472,85504600.0
6473,27895590.0
6474,12760198.0
6475,15440776.0
6476,419518620.0
6477,58569468.0
6478,19477710.0
6479,413353200.0
6480,59455140.0
6481,71003800.0
6482,18149314.0
6483,1818157.1
6484,120474440.0
6485,98578456.0
6486,-184221.28
6487,119407490.0
6488,36709330.0
6489,-242138.78
6490,15567677.0
6491,18073556.0
6492,27527028.0
6493,15152896.0
6494,94321304.0
6495,2606672.8
6496,454844030.0
6497,154593550.0
6498,60208496.0
6499,24943562.0
6500,8037141.0
6501,2282982.8
6502,182946850.0
6503,23121128.0
6504,27758126.0
6505,42506988.0
6506,-6962670.0
6507,4373822.5
6508,122101210.0
6509,7047196.0
6510,5228676.0
6511,3614487.0
6512,11422026.0
6513,30778472.0
6514,7145111.5
6515,176014530.0
6516,28207638.0
6517,12688360.0
6518,2456800.5
6519,171029580.0
6520,-11233104.0
6521,483242600.0
6522,77843820.0
6523,21775332.0
6524,43524490.0
6525,168291630.0
6526,334586080.0
6527,30872186.0
6528,16159376.0
6529,27581690.0
6530,76966936.0
6531,15282564.0
6532,11678366.0
6533,5497615.5
6534,256760690.0
6535,6646137.5
6536,24186800.0
6537,116686010.0
6538,48941436.0
6539,262947140.0
6540,137298690.0
6541,83171830.0
6542,33161414.0
6543,-619207.5
6544,28490634.0
6545,39000944.0
6546,316527800.0
6547,2502588.2
6548,-3807246.8
6549,58718828.0
6550,99950320.0
6551,38294970.0
6552,13553367.0
6553,-1095085.4
6554,45450144.0
6555,9935847.0
6556,43361412.0
6557,41378556.0
6558,44244100.0
6559,92764216.0
6560,165570380.0
6561,1115953.8
6562,123061590.0
6563,-7045258.5
6564,17389388.0
6565,44572180.0
6566,5441866.0
6567,10519194.0
6568,70032480.0
6569,3482318.2
6570,99821290.0
6571,26080804.0
6572,1257909.2
6573,-4865054.5
6574,45908750.0
6575,8250924.5
6576,25407816.0
6577,39973560.0
6578,41741140.0
6579,25043020.0
6580,4388584.0
6581,35050576.0
6582,729057.94
6583,4296735.5
6584,-4222649.0
6585,77711400.0
6586,57442988.0
6587,25918606.0
6588,11231631.0
6589,58885904.0
6590,166266240.0
6591,27750264.0
6592,244709920.0
6593,14093358.0
6594,53724080.0
6595,9038353.0
6596,126109450.0
6597,3720793.5
6598,21987362.0
6599,18041106.0
6600,36013196.0
6601,237154860.0
6602,620685400.0
6603,83621944.0
6604,42142364.0
6605,81682580.0
6606,-55291.25
6607,46384652.0
6608,-1095085.4
6609,9632566.0
6610,24415774.0
6611,-1087160.6
6612,772623400.0
6613,58541584.0
6614,309725440.0
6615,-5452567.5
6616,89401330.0
6617,80307620.0
6618,38307124.0
6619,14074761.0
6620,14344399.0
6621,33878576.0
6622,79655300.0
6623,216064900.0
6624,121465500.0
6625,143173180.0
6626,50451388.0
6627,84313440.0
6628,4918865.0
6629,21334352.0
6630,25022086.0
6631,12013408.0
6632,4220417.0
6633,23423850.0
6634,43705132.0
6635,6949386.5
6636,132651640.0
6637,45609652.0
6638,-3293940.5
6639,25893848.0
6640,33891816.0
6641,131018610.0
6642,188927540.0
6643,-669796.7
6644,4461578.5
6645,56235540.0
6646,53911004.0
6647,18556030.0
6648,67813096.0
6649,5437394.0
6650,11435338.0
6651,39405028.0
6652,2047173.1
6653,135401000.0
6654,122435670.0
6655,43370024.0
6656,5033296.0
6657,116513560.0
6658,45715.906
6659,-2543218.5
6660,6870964.0
6661,1568175.4
6662,33761290.0
6663,308565730.0
6664,12060511.0
6665,6640570.5
6666,33339194.0
6667,244748780.0
6668,26124864.0
6669,-3204569.0
6670,1378232.1
6671,11121242.0
6672,39925336.0
6673,124399060.0
6674,476551800.0
6675,49796376.0
6676,-179568.72
6677,-143879.22
6678,4231785.5
6679,417194980.0
6680,63059840.0
6681,542848500.0
6682,23547748.0
6683,102517560.0
6684,26109140.0
6685,32742770.0
6686,29928670.0
6687,107673940.0
6688,14272638.0
6689,37490264.0
6690,293132130.0
6691,8546456.0
6692,300215600.0
6693,52572916.0
6694,41500850.0
6695,15941151.0
6696,71022520.0
6697,5153388.0
6698,28766654.0
6699,302596160.0
6700,366248900.0
6701,119760460.0
6702,42157708.0
6703,15059016.0
6704,10519831.0
6705,50155412.0
6706,13123552.0
6707,6399311.0
6708,-25727182.0
6709,1825144.6
6710,127267470.0
6711,22497740.0
6712,110050260.0
6713,15186134.0
6714,444523.84
6715,6447452.5
6716,39124450.0
6717,492551680.0
6718,24576790.0
6719,16856476.0
6720,-1765943.0
6721,62624856.0
6722,4272761.0
6723,83750230.0
6724,11874228.0
6725,-113291.07
6726,90520650.0
6727,15093107.0
6728,43420780.0
6729,44984052.0
6730,54965920.0
6731,11058810.0
6732,1378232.1
6733,43714012.0
6734,-13972704.0
6735,69749910.0
6736,-9897814.0
6737,13040596.0
6738,10426512.0
6739,7875830.5
6740,-832808.3
6741,6640570.5
6742,15410621.0
6743,100401170.0
6744,7705743.0
6745,12549569.0
6746,59484576.0
6747,34011532.0
6748,3170002.0
6749,6278882.5
6750,-184221.28
6751,9650205.0
6752,72396420.0
6753,43331344.0
6754,59630492.0
6755,24195556.0
6756,103970984.0
6757,63047516.0
6758,19889752.0
6759,146414990.0
6760,33003958.0
6761,44644464.0
6762,-47860.383
6763,150487710.0
6764,391904.84
6765,185646780.0
6766,2943270.0
6767,13610125.0
6768,294083040.0
6769,11308177.0
6770,24516548.0
6771,-411786.88
6772,6489372.0
6773,15207072.0
6774,206655860.0
6775,640434240.0
6776,-2501626.5
6777,35639188.0
6778,112141530.0
6779,131359976.0
6780,64518490.0
6781,2773688.5
6782,84447360.0
6783,24992672.0
6784,-4222649.0
6785,53455316.0
6786,34952508.0
6787,15837738.0
6788,-47860.383
6789,11282845.0
6790,18539794.0
6791,20002496.0
6792,368943400.0
6793,89344510.0
6794,21823072.0
6795,8434205.0
6796,616860540.0
6797,28422984.0
6798,19845166.0
6799,5628756.5
6800,131209990.0
6801,154352110.0
6802,11994627.0
6803,202684290.0
6804,11227100.0
6805,34900060.0
6806,14698542.0
6807,53619744.0
6808,1568175.4
6809,63237612.0
6810,7510835.0
6811,61182664.0
6812,-4527231.0
6813,64845524.0
6814,6708253.0
6815,34485456.0
6816,-1274937.1
6817,-989991.2
6818,11227100.0
6819,89007420.0
6820,72409624.0
6821,16167905.0
6822,-10528779.0
6823,174311420.0
6824,218293390.0
6825,70276850.0
6826,19430866.0
6827,9177803.0
6828,-769080.8
6829,2102733.5
6830,10475366.0
6831,76778536.0
6832,39871132.0
6833,26416112.0
6834,11045458.0
6835,90796180.0
6836,1858686.6
6837,131559550.0
6838,10194878.0
6839,18357102.0
6840,26962874.0
6841,28690542.0
6842,10208964.0
6843,3645736.5
6844,18420670.0
6845,22966460.0
6846,78203780.0
6847,-7552935.5
6848,110916020.0
6849,18631454.0
6850,68410400.0
6851,93412120.0
6852,28616574.0
6853,6473944.0
6854,36838770.0
6855,43585156.0
6856,1859043.4
6857,30804424.0
6858,8961774.0
6859,53114680.0
6860,7147987.5
6861,25803428.0
6862,34816600.0
6863,361874800.0
6864,-7088129.0
6865,10258171.0
6866,80780510.0
6867,108342570.0
6868,1047701300.0
6869,22513356.0
6870,-932073.6
6871,160237440.0
6872,326531.1
6873,-25766532.0
6874,141610480.0
6875,7870855.0
6876,34509796.0
6877,20194458.0
6878,1685784.1
6879,47839560.0
6880,9341941.0
6881,11665044.0
6882,82092904.0
6883,33714532.0
6884,59751044.0
6885,3781365.5
6886,657669.3
6887,51155030.0
6888,19956836.0
6889,7762148.0
6890,26168904.0
6891,57353156.0
6892,209349040.0
6893,344974140.0
6894,19490596.0
6895,14485354.0
6896,-10262065.0
6897,-3712014.5
6898,19023482.0
6899,7268619.5
6900,76653210.0
6901,43066516.0
6902,-6903256.0
6903,33158068.0
6904,14460196.0
6905,47299052.0
6906,164220200.0
6907,38311320.0
6908,13416708.0
6909,14510673.0
6910,2527290.5
6911,13991886.0
6912,16671100.0
6913,302521180.0
6914,311885000.0
6915,-7819579.5
6916,19434558.0
6917,1032035100.0
6918,47863884.0
6919,14053564.0
6920,84323840.0
6921,308534340.0
6922,29765854.0
6923,13703824.0
6924,16743341.0
6925,36084370.0
6926,12355078.0
6927,8616258.0
6928,49654772.0
6929,126269816.0
6930,146300960.0
6931,24578906.0
6932,12147304.0
6933,7996533.0
6934,95612260.0
6935,-2502513.0
6936,31672490.0
6937,142899520.0
6938,-1796065.2
6939,22954856.0
6940,64923780.0
6941,96198110.0
6942,23614950.0
6943,7226936.0
6944,142080980.0
6945,17462492.0
6946,101834070.0
6947,5793306.0
6948,63412870.0
6949,94256180.0
6950,468221660.0
6951,8172934.0
6952,24751678.0
6953,34352176.0
6954,25367510.0
6955,43598424.0
6956,12253142.0
6957,17876870.0
6958,1708966.6
6959,5852575.5
6960,29716584.0
6961,50280420.0
6962,121022010.0
6963,19149012.0
6964,84028660.0
6965,12296720.0
6966,122001740.0
6967,168918700.0
6968,6769512.5
6969,5497615.5
6970,22110644.0
6971,117444910.0
6972,-476459.84
6973,43652052.0
6974,37609980.0
6975,17419516.0
6976,6294330.5
6977,565095.2
6978,6298878.0
6979,74926430.0
6980,28085980.0
6981,963385.9
6982,130010630.0
6983,3633567.0
6984,92359224.0
6985,384533860.0
6986,39258484.0
6987,-2459771.5
6988,-2778023.0
6989,30691174.0
6990,169891650.0
6991,3074571.0
6992,5249602.0
6993,1815372.2
6994,5705410.5
6995,42520380.0
6996,81243370.0
6997,-572552.5
6998,8611200.0
6999,98781920.0
7000,9201364.0
7001,3335810.0
7002,-8824414.0
7003,12115209.0
7004,108310370.0
7005,6870964.0
7006,1944984.6
7007,7713642.5
7008,116629064.0
7009,79542390.0
7010,11457483.0
7011,3428518.8
7012,8365551.5
7013,-8422587.0
7014,3805388.2
7015,190474460.0
7016,287184220.0
7017,34461950.0
7018,16646916.0
7019,49864160.0
7020,42979184.0
7021,67828030.0
7022,36481044.0
7023,86159900.0
7024,7705743.0
7025,3690823.5
7026,180176540.0
7027,105644630.0
7028,2495843.5
7029,131623656.0
7030,41065796.0
7031,84734510.0
7032,6652237.0
7033,-1979593.4
7034,59647420.0
7035,47497640.0
7036,7021343.5
7037,104226060.0
7038,32074610.0
7039,70535580.0
7040,17026444.0
7041,26573874.0
7042,99573980.0
7043,9155561.0
7044,26711312.0
7045,53165336.0
7046,82232380.0
7047,301922980.0
7048,78983030.0
7049,47008156.0
7050,1493650.4
7051,11894798.0
7052,79543230.0
7053,13353540.0
7054,68801520.0
7055,137369360.0
7056,205903280.0
7057,18839600.0
7058,6870964.0
7059,41545630.0
7060,10997778.0
7061,31019498.0
7062,127282744.0
7063,6605000.0
7064,271852670.0
7065,35780108.0
7066,155482.84
7067,-184221.28
7068,47216040.0
7069,17262068.0
7070,176636290.0
7071,302504000.0
7072,3494066.0
7073,56354356.0
7074,4458644.0
7075,43461744.0
7076,72810904.0
7077,23281432.0
7078,105161980.0
7079,477810.53
7080,2783080.5
7081,30375734.0
7082,8328742.5
7083,7090575.5
7084,38553670.0
7085,10499203.0
7086,41883104.0
7087,145250380.0
7088,76056504.0
7089,5649069.0
7090,16326423.0
7091,15393164.0
7092,283690460.0
7093,73412530.0
7094,18081032.0
7095,20028174.0
7096,65132332.0
7097,99438170.0
7098,39091404.0
7099,78859920.0
7100,14077074.0
7101,1733467.0
7102,1551567.6
7103,8990797.0
7104,23390922.0
7105,114414120.0
7106,26800636.0
7107,79925020.0
7108,6298878.0
7109,30009430.0
7110,9509349.0
7111,3560146.5
7112,129831080.0
7113,75161090.0
7114,22616670.0
7115,15089875.0
7116,13907841.0
7117,-8694428.0
7118,39234464.0
7119,58540964.0
7120,4012660.0
7121,21634982.0
7122,-491464.88
7123,-2623146.5
7124,473414240.0
7125,49560764.0
7126,264359730.0
7127,39358324.0
7128,22664302.0
7129,13384109.0
7130,21344290.0
7131,97213080.0
7132,11850963.0
7133,99630540.0
7134,51879036.0
7135,136039790.0
7136,38887612.0
7137,32899254.0
7138,24516642.0
7139,2839062.8
7140,116392856.0
7141,6870964.0
7142,35976944.0
7143,67058880.0
7144,-138929.0
7145,68936430.0
7146,-4308381.0
7147,68221080.0
7148,8238307.5
7149,12272608.0
7150,11931390.0
7151,27314144.0
7152,97733896.0
7153,8191314.0
7154,33434952.0
7155,223202750.0
7156,6998505.0
7157,111089060.0
7158,10426954.0
7159,8151240.0
7160,95722776.0
7161,61037212.0
7162,293300130.0
7163,38176036.0
7164,-7937012.5
7165,169414180.0
7166,25654686.0
7167,-2234096.0
7168,-290387.47
7169,-1270310.5
7170,43430020.0
7171,11357472.0
7172,17133218.0
7173,-749168.25
7174,79182940.0
7175,2759860.5
7176,26786492.0
7177,92793610.0
7178,28482852.0
7179,185455070.0
7180,-3712014.5
7181,9059486.0
7182,55360284.0
7183,2780258.0
7184,1077998600.0
7185,18743588.0
7186,32651646.0
7187,74667496.0
7188,86498190.0
7189,22217578.0
7190,13780644.0
7191,-932073.6
7192,112044350.0
7193,-1710857.0
7194,326412580.0
7195,30194472.0
7196,25745808.0
7197,3034405.5
7198,-3966483.5
7199,16773683.0
7200,68188020.0
7201,20587844.0
7202,12888723.0
7203,-5369938.0
7204,130031560.0
7205,294278750.0
7206,113679090.0
7207,515589020.0
7208,34574156.0
7209,-12235814.0
7210,-693091.3
7211,8199818.0
7212,43421548.0
7213,12634677.0
7214,650311360.0
7215,80749300.0
7216,163374270.0
7217,-1512057.4
7218,27092486.0
7219,10154385.0
7220,55130080.0
7221,28155662.0
7222,81571420.0
7223,7996533.0
7224,7702566.5
7225,-3712014.5
7226,81809930.0
7227,100866350.0
7228,17895308.0
7229,37398164.0
7230,4523996.0
7231,32803756.0
7232,374447230.0
7233,356620450.0
7234,400150240.0
7235,27417808.0
7236,108860730.0
7237,27977994.0
7238,2000167.9
7239,819311600.0
7240,54610372.0
7241,112471430.0
7242,63166012.0
7243,50426044.0
7244,81819750.0
7245,5884123.5
7246,4334606.5
7247,95844020.0
7248,150560130.0
7249,-4748624.0
7250,2074224.1
7251,29238680.0
7252,2625150.0
7253,24748176.0
7254,44650948.0
7255,3325605.5
7256,7771871.0
7257,34377708.0
7258,39366092.0
7259,6192044.0
7260,3494066.0
7261,457736540.0
7262,-1231404.8
7263,62688570.0
7264,5315360.0
7265,49322536.0
7266,60967760.0
7267,-1931042.5
7268,11422026.0
7269,66561270.0
7270,134008340.0
7271,1811746.9
7272,7072765.0
7273,10072147.0
7274,27906254.0
7275,30122492.0
7276,1196399.2
7277,232643600.0
7278,410804540.0
7279,385477150.0
7280,105587370.0
7281,21005708.0
7282,101950536.0
7283,212691630.0
7284,6447452.5
7285,82878240.0
7286,243572590.0
7287,22211676.0
7288,9740705.0
7289,72946984.0
7290,29195724.0
7291,14990114.0
7292,7165838.5
7293,26323158.0
7294,55282080.0
7295,55967588.0
7296,-669796.7
7297,92289790.0
7298,17197884.0
7299,3560146.5
7300,6730190.0
7301,30378044.0
7302,1622230.9
7303,-1075443.6
7304,33381974.0
7305,1115953.8
7306,387485280.0
7307,1551567.6
7308,2773065.8
7309,27523228.0
7310,20613918.0
7311,38399572.0
7312,88777850.0
7313,203349250.0
7314,16077939.0
7315,8658865.0
7316,14167331.0
7317,21220402.0
7318,131054380.0
7319,8213282.0
7320,319768320.0
7321,11213962.0
7322,10371290.0
7323,21075606.0
7324,20780766.0
7325,252431790.0
7326,346193950.0
7327,15186134.0
7328,55385470.0
7329,152059780.0
7330,320825820.0
7331,49882948.0
7332,176227790.0
7333,59322508.0
7334,17552728.0
7335,96697140.0
7336,84992350.0
7337,14268881.0
7338,58321292.0
7339,90020776.0
7340,12048773.0
7341,3152956.5
7342,83770460.0
7343,13277475.0
7344,-2878239.5
7345,11858937.0
7346,18241916.0
7347,35763680.0
7348,4145672.5
7349,93381336.0
7350,24927716.0
7351,48402176.0
7352,-572552.5
7353,6619056.5
7354,3302829.5
7355,40652556.0
7356,53101896.0
7357,7295895.0
7358,29655580.0
7359,64905684.0
7360,36785428.0
7361,-819669.8
7362,152823650.0
7363,802010700.0
7364,-2502513.0
7365,63885428.0
7366,34891216.0
7367,21064898.0
7368,7086716.5
7369,44107452.0
7370,50912730.0
7371,946238.4
7372,81727144.0
7373,415603700.0
7374,32711482.0
7375,2957152.5
7376,-2878239.5
7377,20321296.0
7378,114553410.0
7379,109651550.0
7380,4242860.0
7381,5213637.5
7382,30344966.0
7383,-1075443.6
7384,48477290.0
7385,70762960.0
7386,32981392.0
7387,-2190242.8
7388,7443463.5
7389,6690472.5
7390,289958.78
7391,5019700.0
7392,33368648.0
7393,611563650.0
7394,104359096.0
7395,13105789.0
7396,32437042.0
7397,140307980.0
7398,-10756425.0
